,Ijcnn1_Comp,Ijcnn1_Comm,Webspam_Comp,Webspam_Comm,Epsilon_Comp,Epsilon_Comm
1,0.9103286863,1.7536061234,3.0717847786,3.1327731776,4.0196557083,3.8640754516
2,0.871337546,1.458257787,2.9365099897,2.4458154086,3.93635305,3.2047738695
4,0.8227018053,1.1621608479,2.9078713896,2.1976647203,3.9209089852,2.9881732984
8,0.7734362969,0.9098973019,2.9039893665,1.9970524564,3.9153663623,2.8113424961
