,Ijcnn1_Comp,Ijcnn1_Comm,Webspam_Comp,Webspam_Comm,Epsilon_Comp,Epsilon_Comm
1,0.5232708235,1.5908081899,2.5994814469,2.8404340991,3.4806102125,3.7596743533
2,0.4383166893,1.3048231419,2.3947365464,2.1716778604,3.3904096387,3.0755255213
4,0.4434445065,1.0241712253,2.3612640314,1.9346202583,3.3789192278,2.8406782585
8,0.3735413604,0.7808416263,2.3564356407,1.8638347493,3.374142149,2.6259427064
